{
    "0": [
        0.01068878173828125,
        0.019664287567138672,
        0.012377023696899414
    ],
    "1": [
        0.010532379150390625,
        0.01811981201171875,
        0.017560958862304688
    ],
    "2": [
        0.00890040397644043,
        0.015473365783691406,
        0.013537883758544922
    ],
    "3": [
        0.01027679443359375,
        0.01597118377685547,
        0.031185150146484375
    ],
    "4": [
        0.011184453964233398,
        0.017406940460205078,
        0.014693498611450195
    ]
}