{
    "0": [
        0.012674808502197266,
        0.02052021026611328,
        0.005476474761962891
    ],
    "1": [
        0.006552934646606445,
        0.004824399948120117,
        0.008842706680297852
    ],
    "2": [
        0.005529880523681641,
        0.00548243522644043,
        0.008649110794067383
    ],
    "3": [
        0.007900476455688477,
        0.004626274108886719,
        0.00882101058959961
    ],
    "4": [
        0.007848978042602539,
        0.00439763069152832,
        0.008766889572143555
    ]
}