{
    "match (n0:Person)-[r1*2]->(n1:Company) match (n1)<-[r2*2]-(n2:Person) where n0<>n2 return count(n1)": {
        "result0": "[<Record count(n1)=36765446>]",
        "time0": 50.629371643066406,
        "add_nodes": 0,
        "delete_nodes": 0,
        "add_rel": 0,
        "delete_rel": 0,
        "result1": "[<Record count(n1)=36765446>]",
        "time1": 48.72435760498047,
        "result2": "[<Record count(n1)=36765446>]",
        "time2": 47.44504714012146,
        "result3": "[<Record count(n1)=36765446>]",
        "time3": 47.616167306900024,
        "result4": "[<Record count(n1)=36765446>]",
        "time4": 47.63051414489746,
        "alltime": 242.04545783996582,
        "ave_time": 48.409091567993165
    },
    "match (n0:Company)-[r1]->(n1)-[r2]->(n2:Loan) match (n2)<-[r3:repay]-(n3:Account) return count(n3)": {
        "result0": "[<Record count(n3)=3614007>]",
        "time0": 29.599939107894897,
        "add_nodes": 0,
        "delete_nodes": 0,
        "add_rel": 0,
        "delete_rel": 0,
        "result1": "[<Record count(n3)=3614007>]",
        "time1": 29.763537406921387,
        "result2": "[<Record count(n3)=3614007>]",
        "time2": 29.43651056289673,
        "result3": "[<Record count(n3)=3614007>]",
        "time3": 29.440771341323853,
        "result4": "[<Record count(n3)=3614007>]",
        "time4": 29.717377424240112,
        "alltime": 147.95813584327698,
        "ave_time": 29.591627168655396
    },
    "match (n0:Person)-[r1*2]->(n1:Company) match (n0)-[r2:own]->(n2:Account) return count(n1)": {
        "result0": "[<Record count(n1)=5151969>]",
        "time0": 23.738229751586914,
        "add_nodes": 0,
        "delete_nodes": 0,
        "add_rel": 0,
        "delete_rel": 0,
        "result1": "[<Record count(n1)=5151969>]",
        "time1": 23.478090286254883,
        "result2": "[<Record count(n1)=5151969>]",
        "time2": 27.233125686645508,
        "result3": "[<Record count(n1)=5151969>]",
        "time3": 25.389317750930786,
        "result4": "[<Record count(n1)=5151969>]",
        "time4": 23.211806297302246,
        "alltime": 123.05056977272034,
        "ave_time": 24.61011395454407
    },
    "match (n0:Medium)-[r1:signIn]->(n1:Account) match (n1)-[r2*..2]->(n2:Loan) return count(n2)": {
        "result0": "[<Record count(n2)=76828189>]",
        "time0": 186.10357546806335,
        "add_nodes": 0,
        "delete_nodes": 0,
        "add_rel": 0,
        "delete_rel": 0,
        "result1": "[<Record count(n2)=76828189>]",
        "time1": 185.5778124332428,
        "result2": "[<Record count(n2)=76828189>]",
        "time2": 191.24986147880554,
        "result3": "[<Record count(n2)=76828189>]",
        "time3": 189.69272327423096,
        "result4": "[<Record count(n2)=76828189>]",
        "time4": 185.17397546768188,
        "alltime": 937.7979481220245,
        "ave_time": 187.5595896244049
    },
    "match (n0:Loan)<-[r1]-(n1)<-[r2]-(n2:Company) match (n2)<-[r3*2]-(n3:Person) return count(n3)": {
        "result0": "[<Record count(n3)=14601110>]",
        "time0": 48.75773882865906,
        "add_nodes": 0,
        "delete_nodes": 0,
        "add_rel": 0,
        "delete_rel": 0,
        "result1": "[<Record count(n3)=14601110>]",
        "time1": 45.81169009208679,
        "result2": "[<Record count(n3)=14601110>]",
        "time2": 45.26989722251892,
        "result3": "[<Record count(n3)=14601110>]",
        "time3": 46.26650643348694,
        "result4": "[<Record count(n3)=14601110>]",
        "time4": 45.405351638793945,
        "alltime": 231.51118421554565,
        "ave_time": 46.30223684310913
    },
    "match (n0:Account)<-[r1:own]-(n1:Company) match (n1)-[r2]->(n2)-[r3]->(n3:Loan) return count(n3)": {
        "result0": "[<Record count(n3)=2724147>]",
        "time0": 31.196606159210205,
        "add_nodes": 0,
        "delete_nodes": 0,
        "add_rel": 0,
        "delete_rel": 0,
        "result1": "[<Record count(n3)=2724147>]",
        "time1": 28.64215636253357,
        "result2": "[<Record count(n3)=2724147>]",
        "time2": 31.665107250213623,
        "result3": "[<Record count(n3)=2724147>]",
        "time3": 28.573607921600342,
        "result4": "[<Record count(n3)=2724147>]",
        "time4": 28.749154090881348,
        "alltime": 148.8266317844391,
        "ave_time": 29.76532635688782
    },
    "match (n0:Account)-[r1*..2]->(n1:Loan) match (n1)<-[r2]-(n2)<-[r3]-(n3:Company) return count(n1)": {
        "result0": "[<Record count(n1)=39595119>]",
        "time0": 112.6820867061615,
        "add_nodes": 0,
        "delete_nodes": 0,
        "add_rel": 0,
        "delete_rel": 0,
        "result1": "[<Record count(n1)=39595119>]",
        "time1": 112.68428707122803,
        "result2": "[<Record count(n1)=39595119>]",
        "time2": 113.46579217910767,
        "result3": "[<Record count(n1)=39595119>]",
        "time3": 123.35879063606262,
        "result4": "[<Record count(n1)=39595119>]",
        "time4": 118.70520210266113,
        "alltime": 580.896158695221,
        "ave_time": 116.17923173904418
    }
}