{
    "MATCH (acc:Account {id: \"1694622296319520\"}), (loan: Loan {id: \"254459151382484580\"}) create (acc)<-[r:deposit {timestamp: \"1729822775000\", amount: \"100000000\"}]-(loan)": {
        "result": "[]",
        "time": 0.007848978042602539,
        "add_nodes": 0,
        "delete_nodes": 0,
        "add_rel": 0,
        "delete_rel": 0
    },
    "MATCH (acc:Account {id: \"7606696318861801\"})-[r:repay]->(loan: Loan {id: \"288346924384537\"}) where r.timestamp=\"1645739703489\" delete r": {
        "result": "[]",
        "time": 0.00439763069152832,
        "add_nodes": 0,
        "delete_nodes": 0,
        "add_rel": 0,
        "delete_rel": 1
    },
    "MATCH (loan:Loan {id: \"569547023196251\"}) detach delete loan": {
        "result": "[]",
        "time": 0.008766889572143555,
        "add_nodes": 0,
        "delete_nodes": 1,
        "add_rel": 0,
        "delete_rel": 1
    }
}