{
    "match (n0:Person),(n1:Company),(n2:Person) Match (n0)-[ANON_PERSON_COMPANY0:PERSON_COMPANY]->(n1) Match (n2)-[ANON_PERSON_COMPANY1:PERSON_COMPANY]->(n1) where n0<>n2 return count(n1)": {
        "opt_time": 0.009068012237548828,
        "result0": "[<Record count(n1)=36765446>]",
        "time0": 27.556853532791138,
        "add_nodes": 0,
        "delete_nodes": 0,
        "add_rel": 0,
        "delete_rel": 0,
        "result1": "[<Record count(n1)=36765446>]",
        "time1": 27.408228397369385,
        "result2": "[<Record count(n1)=36765446>]",
        "time2": 27.539263010025024,
        "result3": "[<Record count(n1)=36765446>]",
        "time3": 27.31195044517517,
        "result4": "[<Record count(n1)=36765446>]",
        "time4": 27.275530338287354,
        "alltime": 137.09182572364807,
        "ave_time": 27.418365144729613
    },
    "match (n0:Company),(n2:Loan),(n3:Account) Match (n2)<-[r3:repay]-(n3) Match (n0)-[ANON_COMPANY_LOAN0:COMPANY_LOAN]->(n2) return count(n3)": {
        "opt_time": 0.01033329963684082,
        "result0": "[<Record count(n3)=3614007>]",
        "time0": 10.38889479637146,
        "add_nodes": 0,
        "delete_nodes": 0,
        "add_rel": 0,
        "delete_rel": 0,
        "result1": "[<Record count(n3)=3614007>]",
        "time1": 10.238114356994629,
        "result2": "[<Record count(n3)=3614007>]",
        "time2": 10.786607027053833,
        "result3": "[<Record count(n3)=3614007>]",
        "time3": 11.019893884658813,
        "result4": "[<Record count(n3)=3614007>]",
        "time4": 11.081055641174316,
        "alltime": 53.51456570625305,
        "ave_time": 10.70291314125061
    },
    "match (n0:Person),(n1:Company),(n2:Account) Match (n0)-[r2:own]->(n2) Match (n0)-[ANON_PERSON_COMPANY0:PERSON_COMPANY]->(n1) return count(n1)": {
        "opt_time": 0.009979724884033203,
        "result0": "[<Record count(n1)=5151969>]",
        "time0": 6.393020391464233,
        "add_nodes": 0,
        "delete_nodes": 0,
        "add_rel": 0,
        "delete_rel": 0,
        "result1": "[<Record count(n1)=5151969>]",
        "time1": 7.183071136474609,
        "result2": "[<Record count(n1)=5151969>]",
        "time2": 6.334777116775513,
        "result3": "[<Record count(n1)=5151969>]",
        "time3": 6.171381235122681,
        "result4": "[<Record count(n1)=5151969>]",
        "time4": 6.212831020355225,
        "alltime": 32.29508090019226,
        "ave_time": 6.459016180038452
    },
    "match (n0:Medium),(n1:Account),(n2:Loan) Match (n0)-[r1:signIn]->(n1) Match (n1)-[ANON_ACCOUNT_LOAN0:ACCOUNT_LOAN]->(n2) return count(n2)": {
        "opt_time": 0.014754295349121094,
        "result0": "[<Record count(n2)=76828189>]",
        "time0": 121.56595921516418,
        "add_nodes": 0,
        "delete_nodes": 0,
        "add_rel": 0,
        "delete_rel": 0,
        "result1": "[<Record count(n2)=76828189>]",
        "time1": 122.54685282707214,
        "result2": "[<Record count(n2)=76828189>]",
        "time2": 122.60972189903259,
        "result3": "[<Record count(n2)=76828189>]",
        "time3": 122.78627395629883,
        "result4": "[<Record count(n2)=76828189>]",
        "time4": 121.74109935760498,
        "alltime": 611.2499072551727,
        "ave_time": 122.24998145103454
    },
    "match (n0:Loan),(n2:Company),(n3:Person) Match (n2)-[ANON_COMPANY_LOAN0:COMPANY_LOAN]->(n0) Match (n3)-[ANON_PERSON_COMPANY0:PERSON_COMPANY]->(n2) return count(n3)": {
        "opt_time": 0.012824296951293945,
        "result0": "[<Record count(n3)=14601110>]",
        "time0": 11.486156940460205,
        "add_nodes": 0,
        "delete_nodes": 0,
        "add_rel": 0,
        "delete_rel": 0,
        "result1": "[<Record count(n3)=14601110>]",
        "time1": 11.578479766845703,
        "result2": "[<Record count(n3)=14601110>]",
        "time2": 11.128427982330322,
        "result3": "[<Record count(n3)=14601110>]",
        "time3": 12.364883422851562,
        "result4": "[<Record count(n3)=14601110>]",
        "time4": 11.522915363311768,
        "alltime": 58.08086347579956,
        "ave_time": 11.616172695159912
    },
    "match (n0:Account),(n1:Company),(n3:Loan) Match (n0)<-[r1:own]-(n1) Match (n1)-[ANON_COMPANY_LOAN0:COMPANY_LOAN]->(n3) return count(n3)": {
        "opt_time": 0.010683298110961914,
        "result0": "[<Record count(n3)=2724147>]",
        "time0": 4.0489819049835205,
        "add_nodes": 0,
        "delete_nodes": 0,
        "add_rel": 0,
        "delete_rel": 0,
        "result1": "[<Record count(n3)=2724147>]",
        "time1": 3.9281558990478516,
        "result2": "[<Record count(n3)=2724147>]",
        "time2": 3.8957369327545166,
        "result3": "[<Record count(n3)=2724147>]",
        "time3": 3.931514024734497,
        "result4": "[<Record count(n3)=2724147>]",
        "time4": 3.871859550476074,
        "alltime": 19.67624831199646,
        "ave_time": 3.935249662399292
    },
    "match (n0:Account),(n1:Loan),(n3:Company) Match (n0)-[ANON_ACCOUNT_LOAN0:ACCOUNT_LOAN]->(n1) Match (n3)-[ANON_COMPANY_LOAN0:COMPANY_LOAN]->(n1) return count(n1)": {
        "opt_time": 0.013129472732543945,
        "result0": "[<Record count(n1)=39595119>]",
        "time0": 30.17163848876953,
        "add_nodes": 0,
        "delete_nodes": 0,
        "add_rel": 0,
        "delete_rel": 0,
        "result1": "[<Record count(n1)=39595119>]",
        "time1": 29.8238742351532,
        "result2": "[<Record count(n1)=39595119>]",
        "time2": 29.475534200668335,
        "result3": "[<Record count(n1)=39595119>]",
        "time3": 29.467045783996582,
        "result4": "[<Record count(n1)=39595119>]",
        "time4": 29.63198733329773,
        "alltime": 148.57008004188538,
        "ave_time": 29.714016008377076
    }
}